OrderID,CustomerID,EmployeeID,OrderDate,ShipCountry
10248,VINET,5,1996-7-2,France
10249,TOMSP,6,1996-7-3,Germany
10250,HANAR,4,1996-7-6,Brazil
10251,VICTE,3,1996-7-6,France
10252,SUPRD,4,1996-7-7,Belgium
10253,HANAR,3,1996-7-8,Brazil
10254,CHOPS,5,1996-7-9,Switzerland
10255,RICSU,9,1996-7-10,Switzerland
10256,WELLI,3,1996-7-13,Brazil
10257,HILAA,4,1996-7-14,Venezuela
10258,ERNSH,1,1996-7-15,Austria
10259,CENTC,4,1996-7-16,Mexico
10260,OTTIK,4,1996-7-17,Germany
10261,QUEDE,4,1996-7-17,Brazil
10262,RATTC,8,1996-7-20,USA
10263,ERNSH,9,1996-7-21,Austria
10264,FOLKO,6,1996-7-22,Sweden
10265,BLONP,2,1996-7-23,France
10266,WARTH,3,1996-7-24,Finland
10267,FRANK,4,1996-7-27,Germany
10268,GROSR,8,1996-7-28,Venezuela
10269,WHITC,5,1996-7-29,USA
10270,WARTH,1,1996-7-30,Finland
10271,SPLIR,6,1996-7-30,USA
10272,RATTC,6,1996-7-31,USA
10273,QUICK,3,1996-8-3,Germany
10274,VINET,6,1996-8-4,France
10275,MAGAA,1,1996-8-5,Italy
10276,TORTU,8,1996-8-6,Mexico
10277,MORGK,2,1996-8-7,Germany
10278,BERGS,8,1996-8-10,Sweden
10279,LEHMS,8,1996-8-11,Germany
10280,BERGS,2,1996-8-12,Sweden
10281,ROMEY,4,1996-8-12,Spain
10282,ROMEY,4,1996-8-13,Spain
10283,LILAS,3,1996-8-14,Venezuela
10284,LEHMS,4,1996-8-17,Germany
10285,QUICK,1,1996-8-18,Germany
10286,QUICK,8,1996-8-19,Germany
10287,RICAR,8,1996-8-20,Brazil
10288,REGGC,4,1996-8-21,Italy
10289,BSBEV,7,1996-8-24,UK
10290,COMMI,8,1996-8-25,Brazil
10291,QUEDE,6,1996-8-25,Brazil
10292,TRADH,1,1996-8-26,Brazil
10293,TORTU,1,1996-8-27,Mexico
10294,RATTC,4,1996-8-28,USA
10295,VINET,2,1996-8-31,France
10296,LILAS,6,1996-9-1,Venezuela
10297,BLONP,5,1996-9-2,France
10298,HUNGO,6,1996-9-3,Ireland
10299,RICAR,4,1996-9-4,Brazil
10300,MAGAA,2,1996-9-7,Italy
10301,WANDK,8,1996-9-7,Germany
10302,SUPRD,4,1996-9-8,Belgium
10303,GODOS,7,1996-9-9,Spain
10304,TORTU,1,1996-9-10,Mexico
10305,OLDWO,8,1996-9-11,USA
10306,ROMEY,1,1996-9-14,Spain
10307,LONEP,2,1996-9-15,USA
10308,ANATR,7,1996-9-16,Mexico
10309,HUNGO,3,1996-9-17,Ireland
10310,THEBI,8,1996-9-18,USA
10311,DUMON,1,1996-9-18,France
10312,WANDK,2,1996-9-21,Germany
10313,QUICK,2,1996-9-22,Germany
10314,RATTC,1,1996-9-23,USA
10315,ISLAT,4,1996-9-24,UK
10316,RATTC,1,1996-9-25,USA
10317,LONEP,6,1996-9-28,USA
10318,ISLAT,8,1996-9-29,UK
10319,TORTU,7,1996-9-30,Mexico
10320,WARTH,5,1996-10-1,Finland
10321,ISLAT,3,1996-10-1,UK
10322,PERIC,7,1996-10-2,Mexico
10323,KOENE,4,1996-10-5,Germany
10324,SAVEA,9,1996-10-6,USA
10325,KOENE,1,1996-10-7,Germany
10326,BOLID,4,1996-10-8,Spain
10327,FOLKO,2,1996-10-9,Sweden
10328,FURIB,4,1996-10-12,Portugal
10329,SPLIR,4,1996-10-13,USA
10330,LILAS,3,1996-10-14,Venezuela
10331,BONAP,9,1996-10-14,France
10332,MEREP,3,1996-10-15,Canada
10333,WARTH,5,1996-10-16,Finland
10334,VICTE,8,1996-10-19,France
10335,HUNGO,7,1996-10-20,Ireland
10336,PRINI,7,1996-10-21,Portugal
10337,FRANK,4,1996-10-22,Germany
10338,OLDWO,4,1996-10-23,USA
10339,MEREP,2,1996-10-26,Canada
10340,BONAP,1,1996-10-27,France
10341,SIMOB,7,1996-10-27,Denmark
10342,FRANK,4,1996-10-28,Germany
10343,LEHMS,4,1996-10-29,Germany
10344,WHITC,4,1996-10-30,USA
10345,QUICK,2,1996-11-2,Germany
10346,RATTC,3,1996-11-3,USA
10347,FAMIA,4,1996-11-4,Brazil
10348,WANDK,4,1996-11-5,Germany
10349,SPLIR,7,1996-11-6,USA
10350,LAMAI,6,1996-11-9,France
10351,ERNSH,1,1996-11-9,Austria
10352,FURIB,3,1996-11-10,Portugal
10353,PICCO,7,1996-11-11,Austria
10354,PERIC,8,1996-11-12,Mexico
10355,AROUT,6,1996-11-13,UK
10356,WANDK,6,1996-11-16,Germany
10357,LILAS,1,1996-11-17,Venezuela
10358,LAMAI,5,1996-11-18,France
10359,SEVES,5,1996-11-19,UK
10360,BLONP,4,1996-11-20,France
10361,QUICK,1,1996-11-20,Germany
10362,BONAP,3,1996-11-23,France
10363,DRACD,4,1996-11-24,Germany
10364,EASTC,1,1996-11-24,UK
10365,ANTON,3,1996-11-25,Mexico
10366,GALED,8,1996-11-26,Spain
10367,VAFFE,7,1996-11-26,Denmark
10368,ERNSH,2,1996-11-27,Austria
10369,SPLIR,8,1996-11-30,USA
10370,CHOPS,6,1996-12-1,Switzerland
10371,LAMAI,1,1996-12-1,France
10372,QUEEN,5,1996-12-2,Brazil
10373,HUNGO,4,1996-12-3,Ireland
10374,WOLZA,1,1996-12-3,Poland
10375,HUNGC,3,1996-12-4,USA
10376,MEREP,1,1996-12-7,Canada
10377,SEVES,1,1996-12-7,UK
10378,FOLKO,5,1996-12-8,Sweden
10379,QUEDE,2,1996-12-9,Brazil
10380,HUNGO,8,1996-12-10,Ireland
10381,LILAS,3,1996-12-10,Venezuela
10382,ERNSH,4,1996-12-11,Austria
10383,AROUT,8,1996-12-14,UK
10384,BERGS,3,1996-12-14,Sweden
10385,SPLIR,1,1996-12-15,USA
10386,FAMIA,9,1996-12-16,Brazil
10387,SANTG,1,1996-12-16,Norway
10388,SEVES,2,1996-12-17,UK
10389,BOTTM,4,1996-12-18,Canada
10390,ERNSH,6,1996-12-21,Austria
10391,DRACD,3,1996-12-21,Germany
10392,PICCO,2,1996-12-22,Austria
10393,SAVEA,1,1996-12-23,USA
10394,HUNGC,1,1996-12-23,USA
10395,HILAA,6,1996-12-24,Venezuela
10396,FRANK,1,1996-12-25,Germany
10397,PRINI,5,1996-12-25,Portugal
10398,SAVEA,2,1996-12-28,USA
10399,VAFFE,8,1996-12-29,Denmark
10400,EASTC,1,1996-12-30,UK
10401,RATTC,1,1996-12-30,USA
10402,ERNSH,8,1996-12-31,Austria
10403,ERNSH,4,1997-1-1,Austria
10404,MAGAA,2,1997-1-1,Italy
10405,LINOD,1,1997-1-4,Venezuela
10406,QUEEN,7,1997-1-5,Brazil
10407,OTTIK,2,1997-1-5,Germany
10408,FOLIG,8,1997-1-6,France
10409,OCEAN,3,1997-1-7,Argentina
10410,BOTTM,3,1997-1-8,Canada
10411,BOTTM,9,1997-1-8,Canada
10412,WARTH,8,1997-1-11,Finland
10413,LAMAI,3,1997-1-12,France
10414,FAMIA,2,1997-1-12,Brazil
10415,HUNGC,3,1997-1-13,USA
10416,WARTH,8,1997-1-14,Finland
10417,SIMOB,4,1997-1-14,Denmark
10418,QUICK,4,1997-1-15,Germany
10419,RICSU,4,1997-1-18,Switzerland
10420,WELLI,3,1997-1-19,Brazil
10421,QUEDE,8,1997-1-19,Brazil
10422,FRANS,2,1997-1-20,Italy
10423,GOURL,6,1997-1-21,Brazil
10424,MEREP,7,1997-1-21,Canada
10425,LAMAI,6,1997-1-22,France
10426,GALED,4,1997-1-25,Spain
10427,PICCO,4,1997-1-25,Austria
10428,REGGC,7,1997-1-26,Italy
10429,HUNGO,3,1997-1-27,Ireland
10430,ERNSH,4,1997-1-28,Austria
10431,BOTTM,4,1997-1-28,Canada
10432,SPLIR,3,1997-1-29,USA
10433,PRINI,3,1997-2-1,Portugal
10434,FOLKO,3,1997-2-1,Sweden
10435,CONSH,8,1997-2-2,UK
10436,BLONP,3,1997-2-3,France
10437,WARTH,8,1997-2-3,Finland
10438,TOMSP,3,1997-2-4,Germany
10439,MEREP,6,1997-2-5,Canada
10440,SAVEA,4,1997-2-8,USA
10441,OLDWO,3,1997-2-8,USA
10442,ERNSH,3,1997-2-9,Austria
10443,REGGC,8,1997-2-10,Italy
10444,BERGS,3,1997-2-10,Sweden
10445,BERGS,3,1997-2-11,Sweden
10446,TOMSP,6,1997-2-12,Germany
10447,RICAR,4,1997-2-12,Brazil
10448,RANCH,4,1997-2-15,Argentina
10449,BLONP,3,1997-2-16,France
10450,VICTE,8,1997-2-17,France
10451,QUICK,4,1997-2-17,Germany
10452,SAVEA,8,1997-2-18,USA
10453,AROUT,1,1997-2-19,UK
10454,LAMAI,4,1997-2-19,France
10455,WARTH,8,1997-2-22,Finland
10456,KOENE,8,1997-2-23,Germany
10457,KOENE,2,1997-2-23,Germany
10458,SUPRD,7,1997-2-24,Belgium
10459,VICTE,4,1997-2-25,France
10460,FOLKO,8,1997-2-26,Sweden
10461,LILAS,1,1997-2-26,Venezuela
10462,CONSH,2,1997-3-1,UK
10463,SUPRD,5,1997-3-2,Belgium
10464,FURIB,4,1997-3-2,Portugal
10465,VAFFE,1,1997-3-3,Denmark
10466,COMMI,4,1997-3-4,Brazil
10467,MAGAA,8,1997-3-4,Italy
10468,KOENE,3,1997-3-5,Germany
10469,WHITC,1,1997-3-8,USA
10470,BONAP,4,1997-3-9,France
10471,BSBEV,2,1997-3-9,UK
10472,SEVES,8,1997-3-10,UK
10473,ISLAT,1,1997-3-11,UK
10474,PERIC,5,1997-3-11,Mexico
10475,SUPRD,9,1997-3-12,Belgium
10476,HILAA,8,1997-3-15,Venezuela
10477,PRINI,5,1997-3-15,Portugal
10478,VICTE,2,1997-3-16,France
10479,RATTC,3,1997-3-17,USA
10480,FOLIG,6,1997-3-18,France
10481,RICAR,8,1997-3-18,Brazil
10482,LAZYK,1,1997-3-19,USA
10483,WHITC,7,1997-3-22,USA
10484,BSBEV,3,1997-3-22,UK
10485,LINOD,4,1997-3-23,Venezuela
10486,HILAA,1,1997-3-24,Venezuela
10487,QUEEN,2,1997-3-24,Brazil
10488,FRANK,8,1997-3-25,Germany
10489,PICCO,6,1997-3-26,Austria
10490,HILAA,7,1997-3-29,Venezuela
10491,FURIB,8,1997-3-29,Portugal
10492,BOTTM,3,1997-3-30,Canada
10493,LAMAI,4,1997-3-31,France
10494,COMMI,4,1997-3-31,Brazil
10495,LAUGB,3,1997-4-1,Canada
10496,TRADH,7,1997-4-2,Brazil
10497,LEHMS,7,1997-4-2,Germany
10498,HILAA,8,1997-4-5,Venezuela
10499,LILAS,4,1997-4-6,Venezuela
10500,LAMAI,6,1997-4-7,France
10501,BLAUS,9,1997-4-7,Germany
10502,PERIC,2,1997-4-8,Mexico
10503,HUNGO,6,1997-4-9,Ireland
10504,WHITC,4,1997-4-9,USA
10505,MEREP,3,1997-4-12,Canada
10506,KOENE,9,1997-4-13,Germany
10507,ANTON,7,1997-4-13,Mexico
10508,OTTIK,1,1997-4-14,Germany
10509,BLAUS,4,1997-4-15,Germany
10510,SAVEA,6,1997-4-16,USA
10511,BONAP,4,1997-4-16,France
10512,FAMIA,7,1997-4-19,Brazil
10513,WANDK,7,1997-4-20,Germany
10514,ERNSH,3,1997-4-20,Austria
10515,QUICK,2,1997-4-21,Germany
10516,HUNGO,2,1997-4-22,Ireland
10517,NORTS,3,1997-4-22,UK
10518,TORTU,4,1997-4-23,Mexico
10519,CHOPS,6,1997-4-26,Switzerland
10520,SANTG,7,1997-4-27,Norway
10521,CACTU,8,1997-4-27,Argentina
10522,LEHMS,4,1997-4-28,Germany
10523,SEVES,7,1997-4-29,UK
10524,BERGS,1,1997-4-29,Sweden
10525,BONAP,1,1997-4-30,France
10526,WARTH,4,1997-5-3,Finland
10527,QUICK,7,1997-5-3,Germany
10528,GREAL,6,1997-5-4,USA
10529,MAISD,5,1997-5-5,Belgium
10530,PICCO,3,1997-5-6,Austria
10531,OCEAN,7,1997-5-6,Argentina
10532,EASTC,7,1997-5-7,UK
10533,FOLKO,8,1997-5-10,Sweden
10534,LEHMS,8,1997-5-10,Germany
10535,ANTON,4,1997-5-11,Mexico
10536,LEHMS,3,1997-5-12,Germany
10537,RICSU,1,1997-5-12,Switzerland
10538,BSBEV,9,1997-5-13,UK
10539,BSBEV,6,1997-5-14,UK
10540,QUICK,3,1997-5-17,Germany
10541,HANAR,2,1997-5-17,Brazil
10542,KOENE,1,1997-5-18,Germany
10543,LILAS,8,1997-5-19,Venezuela
10544,LONEP,4,1997-5-19,USA
10545,LAZYK,8,1997-5-20,USA
10546,VICTE,1,1997-5-21,France
10547,SEVES,3,1997-5-21,UK
10548,TOMSP,3,1997-5-24,Germany
10549,QUICK,5,1997-5-25,Germany
10550,GODOS,7,1997-5-26,Spain
10551,FURIB,4,1997-5-26,Portugal
10552,HILAA,2,1997-5-27,Venezuela
10553,WARTH,2,1997-5-28,Finland
10554,OTTIK,4,1997-5-28,Germany
10555,SAVEA,6,1997-5-31,USA
10556,SIMOB,2,1997-6-1,Denmark
10557,LEHMS,9,1997-6-1,Germany
10558,AROUT,1,1997-6-2,UK
10559,BLONP,6,1997-6-3,France
10560,FRANK,8,1997-6-4,Germany
10561,FOLKO,2,1997-6-4,Sweden
10562,REGGC,1,1997-6-7,Italy
10563,RICAR,2,1997-6-8,Brazil
10564,RATTC,4,1997-6-8,USA
10565,MEREP,8,1997-6-9,Canada
10566,BLONP,9,1997-6-10,France
10567,HUNGO,1,1997-6-10,Ireland
10568,GALED,3,1997-6-11,Spain
10569,RATTC,5,1997-6-14,USA
10570,MEREP,3,1997-6-15,Canada
10571,ERNSH,8,1997-6-15,Austria
10572,BERGS,3,1997-6-16,Sweden
10573,ANTON,7,1997-6-17,Mexico
10574,TRAIH,4,1997-6-17,USA
10575,MORGK,5,1997-6-18,Germany
10576,TORTU,3,1997-6-21,Mexico
10577,TRAIH,9,1997-6-21,USA
10578,BSBEV,4,1997-6-22,UK
10579,LETSS,1,1997-6-23,USA
10580,OTTIK,4,1997-6-24,Germany
10581,FAMIA,3,1997-6-24,Brazil
10582,BLAUS,3,1997-6-25,Germany
10583,WARTH,2,1997-6-28,Finland
10584,BLONP,4,1997-6-28,France
10585,WELLI,7,1997-6-29,Brazil
10586,REGGC,9,1997-6-30,Italy
10587,QUEDE,1,1997-6-30,Brazil
10588,QUICK,2,1997-7-1,Germany
10589,GREAL,8,1997-7-2,USA
10590,MEREP,4,1997-7-5,Canada
10591,VAFFE,1,1997-7-5,Denmark
10592,LEHMS,3,1997-7-6,Germany
10593,LEHMS,7,1997-7-7,Germany
10594,OLDWO,3,1997-7-7,USA
10595,ERNSH,2,1997-7-8,Austria
10596,WHITC,8,1997-7-9,USA
10597,PICCO,7,1997-7-9,Austria
10598,RATTC,1,1997-7-12,USA
10599,BSBEV,6,1997-7-13,UK
10600,HUNGC,4,1997-7-14,USA
10601,HILAA,7,1997-7-14,Venezuela
10602,VAFFE,8,1997-7-15,Denmark
10603,SAVEA,8,1997-7-16,USA
10604,FURIB,1,1997-7-16,Portugal
10605,MEREP,1,1997-7-19,Canada
10606,TRADH,4,1997-7-20,Brazil
10607,SAVEA,5,1997-7-20,USA
10608,TOMSP,4,1997-7-21,Germany
10609,DUMON,7,1997-7-22,France
10610,LAMAI,8,1997-7-23,France
10611,WOLZA,6,1997-7-23,Poland
10612,SAVEA,1,1997-7-26,USA
10613,HILAA,4,1997-7-27,Venezuela
10614,BLAUS,8,1997-7-27,Germany
10615,WILMK,2,1997-7-28,Finland
10616,GREAL,1,1997-7-29,USA
10617,GREAL,4,1997-7-29,USA
10618,MEREP,1,1997-7-30,Canada
10619,MEREP,3,1997-8-2,Canada
10620,LAUGB,2,1997-8-3,Canada
10621,ISLAT,4,1997-8-3,UK
10622,RICAR,4,1997-8-4,Brazil
10623,FRANK,8,1997-8-5,Germany
10624,THECR,4,1997-8-5,USA
10625,ANATR,3,1997-8-6,Mexico
10626,BERGS,1,1997-8-9,Sweden
10627,SAVEA,8,1997-8-9,USA
10628,BLONP,4,1997-8-10,France
10629,GODOS,4,1997-8-10,Spain
10630,KOENE,1,1997-8-11,Germany
10631,LAMAI,8,1997-8-12,France
10632,WANDK,8,1997-8-12,Germany
10633,ERNSH,7,1997-8-13,Austria
10634,FOLIG,4,1997-8-13,France
10635,MAGAA,8,1997-8-16,Italy
10636,WARTH,4,1997-8-17,Finland
10637,QUEEN,6,1997-8-17,Brazil
10638,LINOD,3,1997-8-18,Venezuela
10639,SANTG,7,1997-8-18,Norway
10640,WANDK,4,1997-8-19,Germany
10641,HILAA,4,1997-8-20,Venezuela
10642,SIMOB,7,1997-8-20,Denmark
10643,ALFKI,6,1997-8-23,Germany
10644,WELLI,3,1997-8-23,Brazil
10645,HANAR,4,1997-8-24,Brazil
10646,HUNGO,9,1997-8-25,Ireland
10647,QUEDE,4,1997-8-25,Brazil
10648,RICAR,5,1997-8-26,Brazil
10649,MAISD,5,1997-8-26,Belgium
10650,FAMIA,5,1997-8-27,Brazil
10651,WANDK,8,1997-8-30,Germany
10652,GOURL,4,1997-8-30,04876-786'
10653,FRANK,1,1997-8-31,Germany
10654,BERGS,5,1997-8-31,Sweden
10655,REGGC,1,1997-9-1,Italy
10656,GREAL,6,1997-9-2,USA
10657,SAVEA,2,1997-9-2,USA
10658,QUICK,4,1997-9-3,Germany
10659,QUEEN,7,1997-9-3,Brazil
10660,HUNGC,8,1997-9-6,USA
10661,HUNGO,7,1997-9-7,Ireland
10662,LONEP,3,1997-9-7,USA
10663,BONAP,2,1997-9-8,France
10664,FURIB,1,1997-9-8,Portugal
10665,LONEP,1,1997-9-9,USA
10666,RICSU,7,1997-9-10,Switzerland
10667,ERNSH,7,1997-9-10,Austria
10668,WANDK,1,1997-9-13,Germany
10669,SIMOB,2,1997-9-13,Denmark
10670,FRANK,4,1997-9-14,Germany
10671,FRANR,1,1997-9-15,France
10672,BERGS,9,1997-9-15,Sweden
10673,WILMK,2,1997-9-16,Finland
10674,ISLAT,4,1997-9-16,UK
10675,FRANK,5,1997-9-17,Germany
10676,TORTU,2,1997-9-20,Mexico
10677,ANTON,1,1997-9-20,Mexico
10678,SAVEA,7,1997-9-21,USA
10679,BLONP,8,1997-9-21,France
10680,OLDWO,1,1997-9-22,USA
10681,GREAL,3,1997-9-23,USA
10682,ANTON,3,1997-9-23,Mexico
10683,DUMON,2,1997-9-24,France
10684,OTTIK,3,1997-9-24,Germany
10685,GOURL,4,1997-9-27,Brazil
10686,PICCO,2,1997-9-28,Austria
10687,HUNGO,9,1997-9-28,Ireland
10688,VAFFE,4,1997-9-29,Denmark
10689,BERGS,1,1997-9-29,Sweden
10690,HANAR,1,1997-9-30,Brazil
10691,QUICK,2,1997-10-1,Germany
10692,ALFKI,4,1997-10-1,Germany
10693,WHITC,3,1997-10-4,USA
10694,QUICK,8,1997-10-4,Germany
10695,WILMK,7,1997-10-5,Finland
10696,WHITC,8,1997-10-6,USA
10697,LINOD,3,1997-10-6,Venezuela
10698,ERNSH,4,1997-10-7,Austria
10699,MORGK,3,1997-10-7,Germany
10700,SAVEA,3,1997-10-8,USA
10701,HUNGO,6,1997-10-11,Ireland
10702,ALFKI,4,1997-10-11,Germany
10703,FOLKO,6,1997-10-12,Sweden
10704,QUEEN,6,1997-10-12,Brazil
10705,HILAA,9,1997-10-13,Venezuela
10706,OLDWO,8,1997-10-14,USA
10707,AROUT,4,1997-10-14,UK
10708,THEBI,6,1997-10-15,USA
10709,GOURL,1,1997-10-15,Brazil
10710,FRANS,1,1997-10-18,Italy
10711,SAVEA,5,1997-10-19,USA
10712,HUNGO,3,1997-10-19,Ireland
10713,SAVEA,1,1997-10-20,USA
10714,SAVEA,5,1997-10-20,USA
10715,BONAP,3,1997-10-21,France
10716,RANCH,4,1997-10-22,Argentina
10717,FRANK,1,1997-10-22,Germany
10718,KOENE,1,1997-10-25,Germany
10719,LETSS,8,1997-10-25,USA
10720,QUEDE,8,1997-10-26,Brazil
10721,QUICK,5,1997-10-27,Germany
10722,SAVEA,8,1997-10-27,USA
10723,WHITC,3,1997-10-28,USA
10724,MEREP,8,1997-10-28,Canada
10725,FAMIA,4,1997-10-29,Brazil
10726,EASTC,4,1997-11-1,UK
10727,REGGC,2,1997-11-1,Italy
10728,QUEEN,4,1997-11-2,Brazil
10729,LINOD,8,1997-11-2,Venezuela
10730,BONAP,5,1997-11-3,France
10731,CHOPS,7,1997-11-4,Switzerland
10732,BONAP,3,1997-11-4,France
10733,BERGS,1,1997-11-5,Sweden
10734,GOURL,2,1997-11-5,Brazil
10735,LETSS,6,1997-11-8,USA
10736,HUNGO,9,1997-11-9,Ireland
10737,VINET,2,1997-11-9,France
10738,SPECD,2,1997-11-10,France
10739,VINET,3,1997-11-10,France
10740,WHITC,4,1997-11-11,USA
10741,AROUT,4,1997-11-12,UK
10742,BOTTM,3,1997-11-12,Canada
10743,AROUT,1,1997-11-15,UK
10744,VAFFE,6,1997-11-15,Denmark
10745,QUICK,9,1997-11-16,Germany
10746,CHOPS,1,1997-11-17,Switzerland
10747,PICCO,6,1997-11-17,Austria
10748,SAVEA,3,1997-11-18,USA
10749,ISLAT,4,1997-11-18,UK
10750,WARTH,9,1997-11-19,Finland
10751,RICSU,3,1997-11-22,Switzerland
10752,NORTS,2,1997-11-22,UK
10753,FRANS,3,1997-11-23,Italy
10754,MAGAA,6,1997-11-23,Italy
10755,BONAP,4,1997-11-24,France
10756,SPLIR,8,1997-11-25,USA
10757,SAVEA,6,1997-11-25,USA
10758,RICSU,3,1997-11-26,Switzerland
10759,ANATR,3,1997-11-26,Mexico
10760,MAISD,4,1997-11-29,Belgium
10761,RATTC,5,1997-11-30,USA
10762,FOLKO,3,1997-11-30,Sweden
10763,FOLIG,3,1997-12-1,France
10764,ERNSH,6,1997-12-1,Austria
10765,QUICK,3,1997-12-2,Germany
10766,OTTIK,4,1997-12-3,Germany
10767,SUPRD,4,1997-12-3,Belgium
10768,AROUT,3,1997-12-6,UK
10769,VAFFE,3,1997-12-6,Denmark
10770,HANAR,8,1997-12-7,Brazil
10771,ERNSH,9,1997-12-8,Austria
10772,LEHMS,3,1997-12-8,Germany
10773,ERNSH,1,1997-12-9,Austria
10774,FOLKO,4,1997-12-9,Sweden
10775,THECR,7,1997-12-10,USA
10776,ERNSH,1,1997-12-13,Austria
10777,GOURL,7,1997-12-13,Brazil
10778,BERGS,3,1997-12-14,Sweden
10779,MORGK,3,1997-12-14,Germany
10780,LILAS,2,1997-12-14,Venezuela
10781,WARTH,2,1997-12-15,Finland
10782,CACTU,9,1997-12-15,Argentina
10783,HANAR,4,1997-12-16,Brazil
10784,MAGAA,4,1997-12-16,Italy
10785,GROSR,1,1997-12-16,Venezuela
10786,QUEEN,8,1997-12-17,Brazil
10787,LAMAI,2,1997-12-17,France
10788,QUICK,1,1997-12-20,Germany
10789,FOLIG,1,1997-12-20,France
10790,GOURL,6,1997-12-20,Brazil
10791,FRANK,6,1997-12-21,Germany
10792,WOLZA,1,1997-12-21,Poland
10793,AROUT,3,1997-12-22,UK
10794,QUEDE,6,1997-12-22,Brazil
10795,ERNSH,8,1997-12-22,Austria
10796,HILAA,3,1997-12-23,Venezuela
10797,DRACD,7,1997-12-23,Germany
10798,ISLAT,2,1997-12-24,UK
10799,KOENE,9,1997-12-24,Germany
10800,SEVES,1,1997-12-24,UK
10801,BOLID,4,1997-12-27,Spain
10802,SIMOB,4,1997-12-27,Denmark
10803,WELLI,4,1997-12-28,Brazil
10804,SEVES,6,1997-12-28,UK
10805,THEBI,2,1997-12-28,USA
10806,VICTE,3,1997-12-29,France
10807,FRANS,4,1997-12-29,Italy
10808,OLDWO,2,1997-12-30,USA
10809,WELLI,7,1997-12-30,Brazil
10810,LAUGB,2,1997-12-30,Canada
10811,LINOD,8,1997-12-31,Venezuela
10812,REGGC,5,1997-12-31,Italy
10813,RICAR,1,1998-1-3,Brazil
10814,VICTE,3,1998-1-3,France
10815,SAVEA,2,1998-1-3,USA
10816,GREAL,4,1998-1-4,USA
10817,KOENE,3,1998-1-4,Germany
10818,MAGAA,7,1998-1-5,Italy
10819,CACTU,2,1998-1-5,Argentina
10820,RATTC,3,1998-1-5,USA
10821,SPLIR,1,1998-1-6,USA
10822,TRAIH,6,1998-1-6,USA
10823,LILAS,5,1998-1-7,Venezuela
10824,FOLKO,8,1998-1-7,Sweden
10825,DRACD,1,1998-1-7,Germany
10826,BLONP,6,1998-1-10,France
10827,BONAP,1,1998-1-10,France
10828,RANCH,9,1998-1-11,Argentina
10829,ISLAT,9,1998-1-11,UK
10830,TRADH,4,1998-1-11,Brazil
10831,SANTG,3,1998-1-12,Norway
10832,LAMAI,2,1998-1-12,France
10833,OTTIK,6,1998-1-13,Germany
10834,TRADH,1,1998-1-13,Brazil
10835,ALFKI,1,1998-1-13,Germany
10836,ERNSH,7,1998-1-14,Austria
10837,BERGS,9,1998-1-14,Sweden
10838,LINOD,3,1998-1-17,Venezuela
10839,TRADH,3,1998-1-17,Brazil
10840,LINOD,4,1998-1-17,Venezuela
10841,SUPRD,5,1998-1-18,Belgium
10842,TORTU,1,1998-1-18,Mexico
10843,VICTE,4,1998-1-19,France
10844,PICCO,8,1998-1-19,Austria
10845,QUICK,8,1998-1-19,Germany
10846,SUPRD,2,1998-1-20,Belgium
10847,SAVEA,4,1998-1-20,USA
10848,CONSH,7,1998-1-21,UK
10849,KOENE,9,1998-1-21,Germany
10850,VICTE,1,1998-1-21,France
10851,RICAR,5,1998-1-24,Brazil
10852,RATTC,8,1998-1-24,USA
10853,BLAUS,9,1998-1-25,Germany
10854,ERNSH,3,1998-1-25,Austria
10855,OLDWO,3,1998-1-25,USA
10856,ANTON,3,1998-1-26,Mexico
10857,BERGS,8,1998-1-26,Sweden
10858,LACOR,2,1998-1-27,France
10859,FRANK,1,1998-1-27,Germany
10860,FRANR,3,1998-1-27,France
10861,WHITC,4,1998-1-28,USA
10862,LEHMS,8,1998-1-28,Germany
10863,HILAA,4,1998-1-31,Venezuela
10864,AROUT,4,1998-1-31,UK
10865,QUICK,2,1998-1-31,Germany
10866,BERGS,5,1998-2-1,Sweden
10867,LONEP,6,1998-2-1,USA
10868,QUEEN,7,1998-2-2,Brazil
10869,SEVES,5,1998-2-2,UK
10870,WOLZA,5,1998-2-2,Poland
10871,BONAP,9,1998-2-3,France
10872,GODOS,5,1998-2-3,Spain
10873,WILMK,4,1998-2-4,Finland
10874,GODOS,5,1998-2-4,Spain
10875,BERGS,4,1998-2-4,Sweden
10876,BONAP,7,1998-2-7,France
10877,RICAR,1,1998-2-7,Brazil
10878,QUICK,4,1998-2-8,Germany
10879,WILMK,3,1998-2-8,Finland
10880,FOLKO,7,1998-2-8,Sweden
10881,CACTU,4,1998-2-9,Argentina
10882,SAVEA,4,1998-2-9,USA
10883,LONEP,8,1998-2-10,USA
10884,LETSS,4,1998-2-10,USA
10885,SUPRD,6,1998-2-10,Belgium
10886,HANAR,1,1998-2-11,Brazil
10887,GALED,8,1998-2-11,Spain
10888,GODOS,1,1998-2-14,Spain
10889,RATTC,9,1998-2-14,USA
10890,DUMON,7,1998-2-14,France
10891,LEHMS,7,1998-2-15,Germany
10892,MAISD,4,1998-2-15,Belgium
10893,KOENE,9,1998-2-16,Germany
10894,SAVEA,1,1998-2-16,USA
10895,ERNSH,3,1998-2-16,Austria
10896,MAISD,7,1998-2-17,Belgium
10897,HUNGO,3,1998-2-17,Ireland
10898,OCEAN,4,1998-2-18,Argentina
10899,LILAS,5,1998-2-18,Venezuela
10900,WELLI,1,1998-2-18,Brazil
10901,HILAA,4,1998-2-21,Venezuela
10902,FOLKO,1,1998-2-21,Sweden
10903,HANAR,3,1998-2-22,Brazil
10904,WHITC,3,1998-2-22,USA
10905,WELLI,9,1998-2-22,Brazil
10906,WOLZA,4,1998-2-23,Poland
10907,SPECD,6,1998-2-23,France
10908,REGGC,4,1998-2-24,Italy
10909,SANTG,1,1998-2-24,Norway
10910,WILMK,1,1998-2-24,Finland
10911,GODOS,3,1998-2-24,Spain
10912,HUNGO,2,1998-2-24,Ireland
10913,QUEEN,4,1998-2-24,Brazil
10914,QUEEN,6,1998-2-25,Brazil
10915,TORTU,2,1998-2-25,Mexico
10916,RANCH,1,1998-2-25,Argentina
10917,ROMEY,4,1998-2-28,Spain
10918,BOTTM,3,1998-2-28,Canada
10919,LINOD,2,1998-2-28,Venezuela
10920,AROUT,4,1998-3-1,UK
10921,VAFFE,1,1998-3-1,Denmark
10922,HANAR,5,1998-3-1,Brazil
10923,LAMAI,7,1998-3-1,France
10924,BERGS,3,1998-3-2,Sweden
10925,HANAR,3,1998-3-2,Brazil
10926,ANATR,4,1998-3-2,Mexico
10927,LACOR,4,1998-3-3,France
10928,GALED,1,1998-3-3,Spain
10929,FRANK,6,1998-3-3,Germany
10930,SUPRD,4,1998-3-4,Belgium
10931,RICSU,4,1998-3-4,Switzerland
10932,BONAP,8,1998-3-4,France
10933,ISLAT,6,1998-3-4,UK
10934,LEHMS,3,1998-3-7,Germany
10935,WELLI,4,1998-3-7,Brazil
10936,GREAL,3,1998-3-7,USA
10937,CACTU,7,1998-3-8,Argentina
10938,QUICK,3,1998-3-8,Germany
10939,MAGAA,2,1998-3-8,Italy
10940,BONAP,8,1998-3-9,France
10941,SAVEA,7,1998-3-9,USA
10942,REGGC,9,1998-3-9,Italy
10943,BSBEV,4,1998-3-9,UK
10944,BOTTM,6,1998-3-10,Canada
10945,MORGK,4,1998-3-10,Germany
10946,VAFFE,1,1998-3-10,Denmark
10947,BSBEV,3,1998-3-11,UK
10948,GODOS,3,1998-3-11,Spain
10949,BOTTM,2,1998-3-11,Canada
10950,MAGAA,1,1998-3-14,Italy
10951,RICSU,9,1998-3-14,Switzerland
10952,ALFKI,1,1998-3-14,Germany
10953,AROUT,9,1998-3-14,UK
10954,LINOD,5,1998-3-15,Venezuela
10955,FOLKO,8,1998-3-15,Sweden
10956,BLAUS,6,1998-3-15,Germany
10957,HILAA,8,1998-3-16,Venezuela
10958,OCEAN,7,1998-3-16,Argentina
10959,GOURL,6,1998-3-16,Brazil
10960,HILAA,3,1998-3-17,Venezuela
10961,QUEEN,8,1998-3-17,Brazil
10962,QUICK,8,1998-3-17,Germany
10963,FURIB,9,1998-3-17,Portugal
10964,SPECD,3,1998-3-18,France
10965,OLDWO,6,1998-3-18,USA
10966,CHOPS,4,1998-3-18,Switzerland
10967,TOMSP,2,1998-3-21,Germany
10968,ERNSH,1,1998-3-21,Austria
10969,COMMI,1,1998-3-21,Brazil
10970,BOLID,9,1998-3-22,Spain
10971,FRANR,2,1998-3-22,France
10972,LACOR,4,1998-3-22,France
10973,LACOR,6,1998-3-22,France
10974,SPLIR,3,1998-3-23,USA
10975,BOTTM,1,1998-3-23,Canada
10976,HILAA,1,1998-3-23,Venezuela
10977,FOLKO,8,1998-3-24,Sweden
10978,MAISD,9,1998-3-24,Belgium
10979,ERNSH,8,1998-3-24,Austria
10980,FOLKO,4,1998-3-25,Sweden
10981,HANAR,1,1998-3-25,Brazil
10982,BOTTM,2,1998-3-25,Canada
10983,SAVEA,2,1998-3-25,USA
10984,SAVEA,1,1998-3-28,USA
10985,HUNGO,2,1998-3-28,Ireland
10986,OCEAN,8,1998-3-28,Argentina
10987,EASTC,8,1998-3-29,UK
10988,RATTC,3,1998-3-29,USA
10989,QUEDE,2,1998-3-29,Brazil
10990,ERNSH,2,1998-3-30,Austria
10991,QUICK,1,1998-3-30,Germany
10992,THEBI,1,1998-3-30,USA
10993,FOLKO,7,1998-3-30,Sweden
10994,VAFFE,2,1998-3-31,Denmark
10995,PERIC,1,1998-3-31,Mexico
10996,QUICK,4,1998-3-31,Germany
10997,LILAS,8,1998-4-1,Venezuela
10998,WOLZA,8,1998-4-1,Poland
10999,OTTIK,6,1998-4-1,Germany
11000,RATTC,2,1998-4-4,USA
11001,FOLKO,2,1998-4-4,Sweden
11002,SAVEA,4,1998-4-4,USA
11003,THECR,3,1998-4-4,USA
11004,MAISD,3,1998-4-5,Belgium
11005,WILMK,2,1998-4-5,Finland
11006,GREAL,3,1998-4-5,USA
11007,PRINI,8,1998-4-6,Portugal
11008,ERNSH,7,1998-4-6,Austria
11009,GODOS,2,1998-4-6,Spain
11010,REGGC,2,1998-4-7,Italy
11011,ALFKI,3,1998-4-7,Germany
11012,FRANK,1,1998-4-7,Germany
11013,ROMEY,2,1998-4-7,Spain
11014,LINOD,2,1998-4-8,Venezuela
11015,SANTG,2,1998-4-8,Norway
11016,AROUT,9,1998-4-8,UK
11017,ERNSH,9,1998-4-11,Austria
11018,LONEP,4,1998-4-11,USA
11019,RANCH,6,1998-4-11,Argentina
11020,OTTIK,2,1998-4-12,Germany
11021,QUICK,3,1998-4-12,Germany
11022,HANAR,9,1998-4-12,Brazil
11023,BSBEV,1,1998-4-12,UK
11024,EASTC,4,1998-4-13,UK
11025,WARTH,6,1998-4-13,Finland
11026,FRANS,4,1998-4-13,Italy
11027,BOTTM,1,1998-4-14,Canada
11028,KOENE,2,1998-4-14,Germany
11029,CHOPS,4,1998-4-14,Switzerland
11030,SAVEA,7,1998-4-15,USA
11031,SAVEA,6,1998-4-15,USA
11032,WHITC,2,1998-4-15,USA
11033,RICSU,7,1998-4-15,Switzerland
11034,OLDWO,8,1998-4-18,USA
11035,SUPRD,2,1998-4-18,Belgium
11036,DRACD,8,1998-4-18,Germany
11037,GODOS,7,1998-4-19,Spain
11038,SUPRD,1,1998-4-19,Belgium
11039,LINOD,1,1998-4-19,Venezuela
11040,GREAL,4,1998-4-20,USA
11041,CHOPS,3,1998-4-20,Switzerland
11042,COMMI,2,1998-4-20,Brazil
11043,SPECD,5,1998-4-20,France
11044,WOLZA,4,1998-4-21,Poland
11045,BOTTM,6,1998-4-21,Canada
11046,WANDK,8,1998-4-21,Germany
11047,EASTC,7,1998-4-22,UK
11048,BOTTM,7,1998-4-22,Canada
11049,GOURL,3,1998-4-22,Brazil
11050,FOLKO,8,1998-4-25,Sweden
11051,LAMAI,7,1998-4-25,France
11052,HANAR,3,1998-4-25,Brazil
11053,PICCO,2,1998-4-25,Austria
11054,CACTU,8,1998-4-26,Argentina
11055,HILAA,7,1998-4-26,Venezuela
11056,EASTC,8,1998-4-26,UK
11057,NORTS,3,1998-4-27,UK
11058,BLAUS,9,1998-4-27,Germany
11059,RICAR,2,1998-4-27,Brazil
11060,FRANS,2,1998-4-28,Italy
11061,GREAL,4,1998-4-28,USA
11062,REGGC,4,1998-4-28,Italy
11063,HUNGO,3,1998-4-28,Ireland
11064,SAVEA,1,1998-4-29,USA
11065,LILAS,8,1998-4-29,Venezuela
11066,WHITC,7,1998-4-29,USA
11067,DRACD,1,1998-5-2,Germany
11068,QUEEN,8,1998-5-2,Brazil
11069,TORTU,1,1998-5-2,Mexico
11070,LEHMS,2,1998-5-3,Germany
11071,LILAS,1,1998-5-3,Venezuela
11072,ERNSH,4,1998-5-3,Austria
11073,PERIC,2,1998-5-3,Mexico
11074,SIMOB,7,1998-5-4,Denmark
11075,RICSU,8,1998-5-4,Switzerland
11076,BONAP,4,1998-5-4,France
11077,RATTC,1,1998-5-4,USA